"type","Quantity","values"
Mohn,SSB,0.0989499829579795
Mohn,Recruitment,-0.938581971540684
Mohn,Fraction unfished,0.73806468940722
Mohn,F,2.68682144868718
NEFSC,SSB,-0.213515000186839
NEFSC,Recruitment,-0.409952372348253
NEFSC,Fraction unfished,0.434545554586848
NEFSC,F,0.307666956677271
AFSC,SSB,0.00989499829579795
AFSC,Recruitment,-0.0938581971540684
AFSC,F,0.268682144868718
AFSC,Fraction unfished,0.073806468940722
