"type","Quantity","values"
Mohn,SSB,0.366212663554577
Mohn,Recruitment,-0.81715905498181
Mohn,Fraction unfished,0.981859607148111
Mohn,F,2.29348454745854
NEFSC,SSB,-0.155089444474289
NEFSC,Recruitment,-0.369929327963722
NEFSC,Fraction unfished,0.447245365734677
NEFSC,F,0.243475539963045
AFSC,SSB,0.0366212663554577
AFSC,Recruitment,-0.081715905498181
AFSC,F,0.229348454745854
AFSC,Fraction unfished,0.0981859607148111
