"type","Quantity","values"
Mohn,SSB,0.505744775320121
Mohn,Recruitment,-0.734310992990996
Mohn,Fraction unfished,1.0706021666107
Mohn,F,2.16653618253346
NEFSC,SSB,-0.117419185691498
NEFSC,Recruitment,-0.338000739484211
NEFSC,Fraction unfished,0.4418693821965
NEFSC,F,0.212783760693804
AFSC,SSB,0.0505744775320121
AFSC,Recruitment,-0.0734310992990996
AFSC,F,0.216653618253346
AFSC,Fraction unfished,0.10706021666107
